Word,
abase, 
abash, 
abate, 
abbreviate, 
abdicate, 
aberrant, 
aberration, 
abet, 
abeyance, 
abhor, 
abide, 
abject, 
abjure, 
ablution, 
abnegation, 
abode, 
abolish, 
abominable, 
abominate, 
aboriginal, 
abortive, 
abrasive, 
abridge, 
abrogate, 
abscission, 
abscond, 
absolute, 
absolve, 
abstain, 
abstemious, 
abstinence, 
abstract, 
abstruse, 
abusive, 
abut, 
abysmal, 
abyss, 
academic, 
accede, 
accelerate, 
accessible, 
accessory, 
acclaim, 
acclimate, 
acclivity, 
accolade, 
accommodate, 
accomplice, 
accord, 
accost, 
accoutre, 
accretion, 
accrue, 
acerbity, 
acetic, 
acidulous, 
acknowledge, 
acme, 
acne, 
acoustics, 
acquiesce, 
acquittal, 
acrid, 
acrimonious, 
acrophobia, 
actuarial, 
actuary, 
actuate, 
acuity, 
acumen, 
acute, 
adage, 
adamant, 
adapt, 
addendum, 
addiction, 
addle, 
address, 
adept, 
adhere, 
adherent, 
adjacent, 
adjoin, 
adjourn, 
adjunct, 
adjuration, 
adjutant, 
admonish, 
adore, 
adorn, 
adroit, 
adulation, 
adulterate, 
Advent, 
adventitious, 
adversary, 
adverse, 
adversity, 
advert, 
advocacy, 
advocate, 
aegis, 
aerie, 
aery, 
aesthetic, 
affable, 
affected, 
affidavit, 
affiliation, 
affinity, 
affirmation, 
affliction, 
affluence, 
affront, 
afterlife, 
agape, 
agenda, 
agglomeration, 
aggrandize, 
aggregate, 
aghast, 
agility, 
agitate, 
agnostic, 
agog, 
agrarian, 
airy, 
alacrity, 
alchemy, 
alcove, 
alias, 
alienate, 
alimentary, 
alimony, 
allay, 
allege, 
allegiance, 
allegory, 
alleviate, 
alliteration, 
allocate, 
alloy, 
allude, 
allure, 
alluvial, 
alms, 
aloft, 
aloof, 
altercation, 
altruistic, 
amalgam, 
amalgamate, 
amass, 
amazon, 
ambidextrous, 
ambience, 
ambiguous, 
ambivalence, 
amble, 
ambrosia, 
ambulatory, 
ambush, 
ameliorate, 
amenable, 
amend, 
amenities, 
amiable, 
amicable, 
amiss, 
amity, 
amnesia, 
amnesty, 
amok, 
amorality, 
amorous, 
amorphous, 
amphibian, 
amphitheater, 
ample, 
amplify, 
amputate, 
amuck, 
amulet, 
anachronism, 
analgesia, 
analgesic, 
analogous, 
analogy, 
anarchist, 
anarchy, 
anathema, 
ancestry, 
anchor, 
ancillary, 
anecdote, 
anemia, 
anesthetic, 
anguish, 
angular, 
animadversion, 
animated, 
animosity, 
animus, 
annals, 
anneal, 
annex, 
annihilate, 
annotate, 
annuity, 
annul, 
anodyne, 
anoint, 
anomalous, 
anomaly, 
anonymity, 
antagonism, 
antecede, 
antecedent, 
antediluvian, 
anthem, 
anthology, 
anthropoid, 
anthropologist, 
anthropomorphic, 
anticlimax, 
antidote, 
antipathy, 
antiquated, 
antique, 
antiquity, 
antiseptic, 
antithesis, 
antler, 
anvil, 
apathy, 
ape, 
aperture, 
apex, 
aphasia, 
aphorism, 
apiarist, 
apiary, 
apiculture, 
aplomb, 
apocalyptic, 
apocryphal, 
apogee, 
apolitical, 
apologist, 
apophthegm, 
apoplexy, 
apostate, 
apothecary, 
apothegm, 
apotheosis, 
appall, 
apparent, 
apparition, 
appease, 
appellation, 
append, 
application, 
apposite, 
appraise, 
appreciate, 
apprehend, 
apprehensive, 
apprise, 
approbation, 
appropriate, 
appurtenance, 
apropos, 
aptitude, 
aquiline, 
arable, 
arbiter, 
arbitrary, 
arbitrate, 
arboreal, 
arboretum, 
arcade, 
arcane, 
arch, 
archaeology, 
archaic, 
archetype, 
archipelago, 
archives, 
ardor, 
arduous, 
argot, 
aria, 
arid, 
aristocracy, 
armada, 
aromatic, 
arraign, 
array, 
arrears, 
arrhythmic, 
arrogance, 
arroyo, 
arsenal, 
artery, 
artful, 
articulate, 
artifact, 
artifice, 
artisan, 
artless, 
ascendancy, 
ascertain, 
ascetic, 
ascribe, 
aseptic, 
ashen, 
asinine, 
askance, 
askew, 
asperity, 
aspersion, 
aspirant, 
aspire, 
assail, 
assay, 
assent, 
assert, 
assiduous, 
assimilate, 
assuage, 
assumption, 
assurance, 
asteroid, 
astigmatism, 
astral, 
astringent, 
astronomical, 
astute, 
asunder, 
asylum, 
asymmetric, 
atavism, 
atheistic, 
atone, 
atrocity, 
atrophy, 
attentive, 
attenuate, 
attest, 
attire, 
attribute, 
attrition, 
atypical, 
audacious, 
audit, 
augment, 
augury, 
august, 
aureole, 
auroral, 
auspicious, 
austere, 
authenticate, 
authoritarian, 
authoritative, 
autocratic, 
automaton, 
autonomous, 
autopsy, 
auxiliary, 
avalanche, 
avant-garde, 
avarice, 
avenge, 
aver, 
averse, 
aversion, 
avert, 
aviary, 
avid, 
avocation, 
avow, 
avuncular, 
awe, 
awful, 
awl, 
awry, 
axiom, 
azure, 
babble, 
bacchanal, 
bacchanalia, 
bacchanalian, 
backslide, 
badger, 
badinage, 
baffle, 
bait, 
baleful, 
balk, 
ballast, 
balm, 
balmy, 
banal, 
bandy, 
bane, 
bank, 
bantering, 
bar, 
barb, 
bard, 
barefaced, 
bargain, 
baroque, 
barrage, 
barrister, 
barterer, 
base, 
bask, 
bastard, 
bastion, 
bate, 
battalion, 
bauble, 
bawdy, 
bearing, 
beatific, 
beatitude, 
bedizen, 
bedraggle, 
beeline, 
befuddle, 
beget, 
begrudge, 
beguile, 
behemoth, 
beholden, 
behoove, 
belabor, 
belated, 
beleaguer, 
belie, 
belittle, 
bellicose, 
belligerent, 
bemoan, 
bemused, 
benediction, 
benefactor, 
beneficent, 
beneficial, 
beneficiary, 
benefit, 
benevolent, 
benign, 
benison, 
bent, 
bequeath, 
berate, 
bereaved, 
bereavement, 
bereft, 
berserk, 
beseech, 
beset, 
besiege, 
besmirch, 
bestial, 
bestow, 
betoken, 
betray, 
betroth, 
bevy, 
beware, 
bewitch, 
bicameral, 
bicker, 
bid, 
biennial, 
bifurcated, 
bigot, 
bigotry, 
bilious, 
bilk, 
billow, 
billowing, 
bitter, 
bivouac, 
bizarre, 
blackball, 
blanch, 
bland, 
blandishment, 
blare, 
blasphemous, 
blasphemy, 
blatant, 
bleak, 
blemish, 
blight, 
blight, 
blighted, 
blighted, 
bliss, 
bliss, 
blithe, 
blithe, 
bloat, 
blotch, 
blotch, 
blowhard, 
bludgeon, 
blue, 
blues, 
bluff, 
blunder, 
blunt, 
blurt, 
blush, 
bluster, 
bode, 
bog, 
bogus, 
Bohemian, 
boisterous, 
bolster, 
bolt, 
bombardment, 
bombast, 
bombastic, 
bookish, 
boon, 
boor, 
boorish, 
boost, 
botch, 
bouillon, 
bound, 
bountiful, 
bourgeois, 
bout, 
bovine, 
bowdlerize, 
brackish, 
brag, 
braggadocio, 
braggart, 
braid, 
brand, 
brandish, 
bravado, 
brave, 
brawl, 
brawn, 
brawny, 
brazen, 
breach, 
breadth, 
breed, 
brevity, 
bridle, 
brim, 
brindled, 
brink, 
brisk, 
bristle, 
bristle, 
brittle, 
broach, 
brocade, 
brochure, 
broil, 
bromide, 
brooch, 
brood, 
brook, 
browbeat, 
browse, 
bruise, 
brunt, 
brusque, 
buccaneer, 
bucolic, 
buffet, 
buffoon, 
buffoonery, 
bugaboo, 
bulge, 
bulk, 
bullion, 
bully, 
bulwark, 
bump, 
bungle, 
buoyant, 
bureaucracy, 
burgeon, 
burlesque, 
burly, 
burnish, 
bust, 
buttress, 
buxom, 
cabal, 
cache, 
cacophonous, 
cadaver, 
cadaverous, 
cadence, 
cadet, 
cajole, 
calamity, 
calculated, 
caldron, 
caliber, 
calk, 
calligraphy, 
callous, 
callow, 
callus, 
calorific, 
calumny, 
camaraderie, 
cameo, 
camp, 
canard, 
candor, 
canine, 
canker, 
canny, 
cant, 
cantankerous, 
cantata, 
canter, 
canto, 
canvass, 
capacious, 
capacity, 
capillary, 
capitulate, 
caprice, 
capricious, 
capsize, 
caption, 
captious, 
carafe, 
carapace, 
carat, 
carcinogenic, 
cardinal, 
cardiologist, 
careen, 
career, 
carefree, 
caricature, 
carillon, 
carnage, 
carnal, 
carnivorous, 
carousal, 
carping, 
carrion, 
cartographer, 
cascade, 
caste, 
castigation, 
castrate, 
casual, 
casualty, 
cataclysm, 
catalyst, 
catapult, 
cataract, 
catastrophe, 
catcall, 
catechism, 
categorical, 
cater, 
catharsis, 
cathartic, 
catholic, 
caucus, 
cauldron, 
caulk, 
causal, 
caustic, 
cauterize, 
cavalcade, 
cavalier, 
cavil, 
cede, 
celerity, 
celestial, 
celibate, 
cemetery, 
censor, 
censorious, 
censure, 
centaur, 
centigrade, 
centrifugal, 
centrifuge, 
centripetal, 
centurion, 
cerebral, 
cerebration, 
ceremonious, 
certitude, 
cessation, 
cession, 
chafe, 
chaff, 
chaff, 
chagrin, 
chalice, 
chameleon, 
champion, 
championship, 
chancellor, 
chant, 
chaotic, 
chapel, 
chaperon, 
chaplain, 
char, 
charisma, 
charlatan, 
charm, 
chary, 
chase, 
chasm, 
chassis, 
chaste, 
chasten, 
chastise, 
chauvinist, 
check, 
checkered, 
chequered, 
cherubic, 
chicanery, 
chide, 
chimerical, 
chip, 
chisel, 
chivalrous, 
choice, 
choir, 
choleric, 
chore, 
choreography, 
chortle, 
chorus, 
chronic, 
chronicle, 
chuckle, 
churlish, 
ciliated, 
cipher, 
circlet, 
circuit, 
circuitous, 
circumlocution, 
circumscribe, 
circumspect, 
circumvent, 
cistern, 
citadel, 
cite, 
civil, 
clairvoyant, 
clamber, 
clamor, 
clandestine, 
clangor, 
clap, 
clapper, 
clarion, 
clasp, 
claustrophobia, 
clavicle, 
cleave, 
cleft, 
clemency, 
cliche, 
clientele, 
climactic, 
clime, 
clip, 
clipper, 
clique, 
cloister, 
clot, 
clout, 
clown, 
cloying, 
coagulate, 
coalesce, 
coalition, 
coax, 
coda, 
coddle, 
codicil, 
codify, 
coercion, 
coeval, 
cog, 
cogent, 
cogitate, 
cognate, 
cognitive, 
cognizance, 
cohabit, 
cohere, 
cohesion, 
cohort, 
coiffure, 
coin, 
coincidence, 
colander, 
collaborate, 
collage, 
collate, 
collateral, 
collation, 
collected, 
colloquial, 
colloquy, 
collusion, 
colossal, 
colossus, 
coma, 
comatose, 
combustible, 
comeback, 
comely, 
comestible, 
comeuppance, 
comity, 
commandeer, 
commemorate, 
commemorative, 
commensurate, 
commiserate, 
commodious, 
commonplace, 
commonwealth, 
communal, 
commune, 
compact, 
compartment, 
compassion, 
compatible, 
compelling, 
compendium, 
compensate, 
compilation, 
compile, 
complacency, 
complaisant, 
complement, 
complementary, 
compliance, 
compliant, 
complicity, 
component, 
comport, 
compost, 
composure, 
compound, 
comprehend, 
comprehensive, 
compress, 
comprise, 
compromise, 
compulsion, 
compulsive, 
compulsory, 
compunction, 
compute, 
concatenate, 
concave, 
concede, 
conceit, 
concentric, 
conception, 
concerted, 
concession, 
conciliatory, 
concise, 
conclave, 
conclusive, 
concoct, 
concomitant, 
concord, 
concordat, 
concur, 
concurrent, 
condescend, 
condign, 
condiment, 
condole, 
condone, 
conducive, 
conduit, 
confidant, 
confidante, 
confide, 
confidence, 
confidential, 
confine, 
confiscate, 
conflagration, 
confluence, 
conformist, 
conformity, 
confound, 
congeal, 
congenial, 
congenital, 
conglomerate, 
conglomeration, 
congruence, 
congruent, 
conifer, 
conjecture, 
conjugal, 
conjure, 
connivance, 
connoisseur, 
connotation, 
connubial, 
consanguine, 
consanguineous, 
consanguinity, 
conscientious, 
conscript, 
consecrate, 
consensus, 
consequential, 
conservatoire, 
conservatory, 
consign, 
consistency, 
console, 
consolidation, 
consonance, 
consonant, 
consort, 
conspiracy, 
conspire, 
consternation, 
constituency, 
constituent, 
constitution, 
constraint, 
construe, 
consummate, 
contagion, 
contaminate, 
contempt, 
contend, 
contention, 
contentious, 
contest, 
context, 
contiguous, 
continence, 
contingent, 
contortion, 
contraband, 
contravene, 
contrite, 
contrivance, 
contrive, 
contrived, 
controvert, 
contumacious, 
contusion, 
conundrum, 
convene, 
convention, 
conventional, 
converge, 
conversant, 
converse, 
convert, 
convex, 
conveyance, 
conviction, 
convivial, 
convoke, 
convoluted, 
convulsion, 
copious, 
coquette, 
cordial, 
eyrie, 
eyry, 
karat, 
